customer_id,persona_name,home_region,background,shopping_preferences,typical_spending,budget_style,travel_pattern
CU0001,Alex Meier,Zurich region,Plans household purchases for a family and normally shops once a week.,"Practical groceries, children's essentials, and durable household products; avoids gift vouchers.","Regular supermarket visits, public transport, and occasional family meals, mostly during daytime.",careful,One or two short trips to neighbouring countries each year.
CU0002,Sofia Keller,Basel region,Travels regularly for consulting work and separates travel spending from everyday purchases.,Flexible hotel bookings near public transport and simple expense documentation.,"Frequent rail, hotel, and restaurant payments in Switzerland, Germany, and France.",flexible,Regular business travel in Germany and France.
CU0003,Luca Bernasconi,Lugano region,"Spends weekends hiking and climbing, with seasonal trips across the nearby Italian border.",Repairable outdoor equipment and specialist sports shops rather than fashion purchases.,"Sports purchases, fuel, casual dining, and periodic EUR transactions in northern Italy.",balanced,Seasonal leisure travel in Italy.
CU0004,Noor Haddad,Geneva region,Works rotating hospital shifts and often buys meals and essentials outside standard office hours.,Fast grocery delivery and practical meals after late shifts; avoids energy drinks.,"Groceries, meal delivery, transport, and pharmacy purchases, including legitimate late-night activity.",careful,Rarely travels abroad.
CU0005,Emma Roth,Bern region,Studies part-time while working and relies on several digital learning services.,Books and learning tools with transparent prices; no automatic premium upgrades.,"Small recurring subscriptions, book purchases, transport, and inexpensive cafés.",careful,Occasional domestic trips only.
CU0006,Jonas Frei,Lucerne region,Runs and cycles throughout the year and replaces equipment only when needed.,Technical sports equipment from specialist retailers and products with clear return terms.,Frequent modest sports purchases with occasional higher-value shoes or cycling equipment.,balanced,Weekend trips within Switzerland and Austria.
CU0007,Camille Dubois,Lausanne region,Is gradually renovating an apartment and plans each room as a separate project.,"Simple repairable fittings, neutral colours, and click-and-collect when available.","Home-improvement stores, household purchases, transport, and occasional furniture deliveries.",balanced,Rare short visits to France.
CU0008,Priya Nair,Zurich region,Coordinates purchases for children and an older relative as well as her own household.,"Reliable delivery windows, clearly sized children's items, and familiar pharmacies.","Groceries, family supplies, health purchases, and household orders across two cards.",balanced,One family holiday in Europe each year.
CU0009,Mateo Silva,Basel region,Shares an apartment with two friends and manages a rotating household shopping list.,Shared essentials in normal pack sizes and receipts that are easy to split.,"Groceries and household goods from recurring local merchants, plus shared meal deliveries.",careful,Occasional weekend travel.
CU0010,Lea Baumann,Winterthur region,Works independently as a designer and uses a separate card for business tools and travel.,"Month-to-month software, clear invoices, and no bundled consulting services.","Software subscriptions, electronics, cafés, and occasional foreign-currency online services.",flexible,Several European client trips each year.
CU0011,Daniel Schmid,St. Gallen region,Prefers nearby physical shops and normally pays for everyday items in person.,"Local products, simple receipts, and collection from a store rather than delivery.","Daytime in-store groceries, transport, clothing, and occasional restaurant purchases.",careful,Rarely travels abroad.
CU0012,Giulia Rossi,Lugano region,Uses a phone wallet for most everyday purchases and keeps a separate travel card.,"Mobile receipts, fast checkout, and Italian or Swiss fashion retailers with returns.","High mobile-wallet usage for clothing, dining, groceries, and cross-border trips.",balanced,Regular short trips to Italy.
CU0013,Sami El-Amin,Neuchatel region,Repairs products where possible and chooses refill or second-life options for routine shopping.,"Reusable, refurbished, or repairable items with transparent materials.","Groceries, repair services, second-life goods, public transport, and few impulse purchases.",balanced,Mostly domestic travel.
CU0014,Hannah Weber,Bern region,Attends concerts and festivals in summer but spends little on entertainment during the rest of the year.,Standard admission from clear ticket sellers; no VIP or resale upgrades.,"Seasonal clusters of event purchases alongside normal groceries, transport, and dining.",flexible,Domestic events and occasional German concerts.
CU0015,Tomas Pereira,Fribourg region,Enjoys photography and saves for occasional equipment rather than buying accessories frequently.,"Compatible camera equipment from specialist shops, with a return window and no financing.","Mostly modest daily spending interrupted by rare, planned high-value photography purchases.",planned_high_value,Occasional landscape photography trips.
CU0016,Amina Diallo,Geneva region,Owns a dog and receives repeat deliveries of food and routine care products.,"The usual pet-food formula, dependable delivery, and no unrequested supplement substitutions.","Recurring pet-care payments mixed with groceries, transport, health, and park-side cafés.",balanced,Rarely travels without the dog.
CU0017,Nils Andersson,Lausanne region,Recently moved within Switzerland and is still establishing new local shopping routines.,Practical household basics and merchants that offer clear delivery dates.,"A wider-than-usual variety of new grocery, household, transport, and home-improvement merchants.",balanced,Occasional travel to France and Sweden.
CU0018,Mei Chen,Zurich region,Keeps personal daily spending separate from a shared household account.,"Predictable grocery orders, clearly separated receipts, and household staples in normal quantities.","Frequent groceries and transport on one card, with shared household purchases on another account.",careful,A few European city trips each year.
CU0019,Oliver Graf,Basel region,Researches online purchases carefully and uses a virtual card for web shops.,"Known electronics sellers, clear warranty terms, and no marketplace add-ons.","Few online purchases, repeated familiar merchants, and mostly local in-store daily spending.",careful,Rarely travels abroad.
CU0020,Elif Kaya,Winterthur region,Balances a busy schedule with frequent grocery and prepared-meal deliveries.,"Reliable delivery estimates, saved food preferences, and no automatic membership enrolment.","Frequent small ecommerce and mobile-wallet payments, especially food delivery and groceries.",flexible,Occasional holidays in southern Europe.
CU1016,Oliver Kunz,Winterthur region,Photographs landscapes in the Winterthur area and buys a lens perhaps once a year.,"Compatible camera equipment from specialist shops, with a return window and no financing.",Small everyday payments and rare planned equipment purchases.,planned_high_value,A few European city trips each year.
CU1448,Mateo Schmid,Basel region,Spends many weekends in Germany and France and prefers refundable bookings.,"Refundable hotel rates, rail tickets, and no travel insurance add-ons.",Frequent travel-related purchases and dining in several currencies.,flexible,Frequent weekend trips to Germany.
CU1308,Raphael Zbinden,Neuchatel region,Goes to early-morning classes and tracks meals with a subscription app.,"Monthly memberships that can be paused, and no annual upfront plans.",Early-morning purchases near the gym and monthly subscription charges.,balanced,A family holiday in France once a year.
CU1373,Yara Kumar,Geneva region,Spends many weekends in France and the United States and prefers refundable bookings.,Booking directly with hotels and rail operators rather than resellers.,"Monthly hotel and rail bookings, restaurants abroad, and ordinary groceries at home.",flexible,Regular short trips to France and Austria.
CU1475,Livia Bachmann,Fribourg region,Streams games in the evening and orders dinner online most nights.,Monthly plans that can be paused and no in-app upsells.,Mostly online spending after 18:00 and little in-store activity.,balanced,Occasional domestic trips only.
CU1217,Omar Chen,Winterthur region,Lives in a shared flat in Winterthur where the grocery run rotates weekly between flatmates.,Familiar supermarkets and the same meal-delivery service every time.,Frequent small grocery and delivery payments and very few large ones.,careful,A family holiday in Germany once a year.
CU1376,Elias Egli,Chur region,Relies on delivery apps for meals and household basics during the week.,Quick reorders of the usual items and no premium delivery tiers.,Many small online payments in the evening and few in-store purchases.,flexible,Weekend trips within Switzerland and Austria.
CU1052,Yara Blanc,Bern region,Relocated from Germany and has not yet settled on regular merchants.,"Furniture and basics for the new flat, delivered on a fixed date.","Household setup purchases, groceries from several different supermarkets, and transport.",balanced,A few European city trips each year.
CU1363,Amina Kumar,Lausanne region,Manages two households' groceries and pharmacy runs on separate cards.,"Separate receipts per household, familiar pharmacies, and predictable delivery days.",Steady mid-sized grocery and health spending with few large purchases.,careful,A family holiday in France once a year.
CU1415,Hannah Chen,Zurich region,Runs and ski-tours most weekends and drives to trailheads in Germany in spring and autumn.,"Technical gear from specialist retailers, sold in standard sizes with a return window.","Sports purchases, fuel, casual dining, and periodic EUR transactions in Germany.",balanced,Several trips to Germany and Austria each year.
